{
  "name": "Non-Linear Connections in leaf node in_edges",
  "V": 10,
  "K": 6,
  "p": 0.2,
  "sample_size": 360,
  "runs": 100,
  "cluster_predictions": {
    "rbf": [
      2, 4, 4, 2, 2, 2, 3, 2, 6, 4, 6, 2, 5, 3, 2, 3, 3, 2, 3, 3, 3, 5, 4, 2, 3,
      6, 5, 2, 2, 3, 2, 3, 3, 3, 3, 3, 3, 3, 3, 2, 2, 4, 3, 2, 2, 3, 4, 2, 3, 2,
      5, 4, 3, 3, 3, 5, 3, 3, 2, 4, 2, 3, 3, 2, 3, 4, 3, 2, 3, 3, 3, 4, 2, 3, 2,
      2, 4, 4, 2, 2, 3, 3, 3, 5, 4, 3, 3, 3, 2, 2, 5, 5, 2, 2, 4, 4, 5, 4, 3, 5
    ],
    "depcon": [
      7, 6, 4, 6, 4, 3, 5, 5, 6, 5, 5, 6, 6, 3, 6, 3, 6, 3, 5, 3, 3, 5, 2, 4, 4,
      5, 6, 3, 3, 3, 5, 6, 7, 4, 4, 3, 5, 5, 3, 3, 2, 7, 3, 3, 3, 3, 4, 5, 3, 4,
      5, 3, 3, 6, 6, 6, 3, 4, 4, 3, 6, 3, 4, 3, 5, 7, 4, 5, 3, 4, 3, 7, 6, 3, 5,
      6, 3, 5, 5, 6, 3, 3, 3, 4, 6, 7, 3, 6, 6, 6, 5, 3, 5, 5, 3, 4, 5, 6, 5, 6
    ],
    "poly": [
      2, 5, 2, 3, 5, 3, 4, 2, 4, 3, 7, 2, 6, 3, 6, 4, 3, 2, 4, 3, 4, 7, 7, 3, 3,
      6, 3, 2, 2, 3, 6, 3, 3, 6, 4, 3, 3, 3, 3, 3, 5, 3, 3, 6, 2, 3, 5, 2, 4, 2,
      6, 2, 4, 3, 3, 3, 2, 2, 6, 4, 2, 2, 3, 3, 3, 4, 4, 4, 3, 4, 3, 4, 2, 4, 2,
      4, 2, 6, 2, 2, 2, 3, 4, 3, 2, 4, 6, 2, 3, 2, 6, 4, 2, 3, 4, 5, 2, 4, 3, 2
    ],
    "pkmeans": [
      2, 4, 4, 2, 2, 2, 3, 2, 6, 4, 6, 2, 5, 3, 2, 3, 3, 2, 4, 3, 3, 5, 4, 2, 3,
      6, 5, 2, 2, 3, 2, 3, 3, 3, 3, 3, 3, 3, 3, 2, 2, 4, 3, 2, 2, 3, 4, 2, 3, 2,
      5, 4, 3, 3, 3, 5, 3, 3, 2, 4, 2, 3, 3, 2, 3, 4, 3, 2, 3, 3, 3, 4, 2, 3, 2,
      2, 4, 4, 2, 2, 3, 3, 3, 5, 4, 3, 3, 3, 2, 2, 5, 5, 2, 2, 5, 4, 5, 7, 3, 5
    ]
  },
  "v_measure_scores": {
    "depcon": [
      0.8033763175543819, 0.7093571069372205, 0.7328452354632171,
      0.8828184549379989, 0.816375734492566, 0.5235212871401862,
      0.7295205388533781, 0.8412876727848062, 0.8103019288343343,
      0.871736954244938, 0.869458220116986, 0.7769681363444769,
      0.8805197134749793, 0.6883081261351408, 0.7628344936350977,
      0.6420158034395148, 0.7023429959715918, 0.6141852100672169,
      0.7069683944524091, 0.6834373741162111, 0.7406260809992476,
      0.7286569513706158, 0.3735785002340684, 0.6907608964458177,
      0.7470535000225281, 0.8815375540346371, 0.6487704408986911,
      0.6182760022804057, 0.6425819780365549, 0.7095001919410592,
      0.7442189897925292, 0.8027568742923703, 0.8682571905946217,
      0.7299110861977589, 0.5578581934957819, 0.6571860705422032,
      0.7289011373266067, 0.7896169431384343, 0.7223286798045415,
      0.7049093265742985, 0.3623798924199312, 0.6423768593172677,
      0.6874104879977782, 0.48718176727524753, 0.6140925616005638,
      0.4839367867291564, 0.7223673030524579, 0.80621809492372,
      0.7405958203984504, 0.7145443094702204, 0.6590277772267467,
      0.5627394840132586, 0.5309024737327259, 0.9055870917411731,
      0.7987297913554051, 0.953440447693739, 0.6462615070405213,
      0.6554299111758386, 0.621350075019496, 0.4579737247543853,
      0.7805630897913135, 0.7139754664390772, 0.5657545751414608,
      0.29955199963617146, 0.8465980256505785, 0.7194155863557332,
      0.7497836468159987, 0.7233116821180826, 0.6215890277353783,
      0.7976532534846478, 0.6710391883221134, 0.877831050975154,
      0.6504105028513908, 0.7504018424693097, 0.5704097868228545,
      0.8611617700948379, 0.6563166464013681, 0.6111971271084139,
      0.7077882859339553, 0.7539937593820194, 0.7008150098233003,
      0.695668869641965, 0.7432930691321252, 0.7105808559201423,
      0.7731353300153992, 0.61075775809271, 0.7432930691321255,
      0.8312902218904311, 0.732444669878844, 0.7028276732288921,
      0.8683019525078978, 0.6100789886381645, 0.6640827622792275,
      0.7752386474757578, 0.5965672978316572, 0.5089923877407599,
      0.6645971212594247, 0.8462278629527743, 0.7776037100612684,
      0.8568720075124884
    ],
    "rbf": [
      0.43243904002639094, 0.6548544241404389, 0.7720615023404568,
      0.5242524223457241, 0.5242524223457241, 0.3213293267725932,
      0.6372407332832544, 0.4881348624483974, 0.8341230578709434,
      0.7840858470719979, 0.8678436917694826, 0.44271450931068723,
      0.756369362252217, 0.7601875334318687, 0.4933205344860064,
      0.7504018424693097, 0.5944147977422575, 0.39675901024688176,
      0.6347504082880933, 0.703549201428811, 0.6900481627452977,
      0.7165998673442064, 0.5917189337391067, 0.5242524223457241,
      0.6507337168055274, 0.8550475314201702, 0.6086111495081288,
      0.5137842642215498, 0.41872547062261345, 0.70729779035772,
      0.39233622654842104, 0.6082481193915285, 0.7372026499845998,
      0.6528767424958034, 0.4911731892895772, 0.6618869039399448,
      0.6656453367173534, 0.7053104603673597, 0.7432930691321252,
      0.48886264504541377, 0.3735785002340684, 0.6458316878215637,
      0.7169622989574993, 0.2280449224930232, 0.49332053448600655,
      0.5936819153366326, 0.7486602153489818, 0.323787863136055,
      0.7504018424693097, 0.4470577500589754, 0.6737667077664458,
      0.5627495292509898, 0.5913106742607541, 0.7504018424693097,
      0.7405958203984504, 0.8868558777783112, 0.7308300743112353,
      0.6089180575529548, 0.3735785002340686, 0.7203793840101872,
      0.42800558471916433, 0.6986793345751672, 0.48141467424530426,
      0.31418558350974884, 0.6495293212428169, 0.7206820554676499,
      0.68498715206763, 0.38603154693207814, 0.6495622035890213,
      0.6632930083968115, 0.6580292603609529, 0.7108645111952094,
      0.37066401241575486, 0.7504018424693097, 0.4142256263084688,
      0.3735785002340684, 0.8272220264399806, 0.622929442880149,
      0.5242524223457241, 0.4785722656145631, 0.7406059917222589,
      0.726488622174007, 0.7273849708568438, 0.7417941245617165,
      0.7395273179219725, 0.5279698349485777, 0.6883081261351409,
      0.5827940675286465, 0.4357482565804242, 0.34225729628697277,
      0.883377864249005, 0.7172278524803263, 0.5242524223457241,
      0.42800558471916433, 0.5633022669744678, 0.45686979812034906,
      0.6734932815144462, 0.7748569135269178, 0.7601875334318687,
      0.8244010163636522
    ],